ouarzazate;;
oban;;
new jersey;;
new york;;
polynesie;;
rio de janeiro;;
saint tropez;;
ponta delgada;;
bali;;
malte;;
tyrol;;
san teodoro;;
yrieix la perche;;
sainte foy la grande;;
san carlos de bariloche;;
saint laurent du var;;
saint laurent du maroni;;
hammamet;;
toronto;;
tirana;;
tarn et garonne;;
tanzanie;;
taiwan;;
taipei;;
taglio isolaccio;;
syros;;
singapour;;
skiathos;;
trapani;;
sherbrooke;;
stuttgart;;
rotterdam;;
romorantin;;
saint brieuc;;
sables d olonne;;
quito;;
bangkok;;
polynesie;;
denis;;
ile de france;;
casablanca;;
bergamo;;
malpensa;;
noumea;;
nouvelle calédonien;;
oran;;
mykonos;;
montceau les mines;;
meloneras;;
nairobi;;
muscat;;
nazare;;
turin;;
zadar;;
zamora;;
villefranche sur;;
saint barth;;
ile de re;;
formentera;;
manche;;
savoie;;
charente;;
blainville;;
paros;;
rhones alpes;;
tarn;;
canet en roussillon;;
cagnes sur;;
bas rhin;;
beaumont le roger;;
champagne ardennes;;
stockholm;;
essonne;;
nord pas de;;
beaumont le roger;;
agadir;;
bourgoin jallieu;;
bruay la;;
cagnes sur;;
castelnau le;;
champagne;;
la garenne;;
conflans ste honorine;;
cormeilles en parisis;;
crepy en valois;;
cosne sur;;
eure;;
eure et loir;;
evian;;
hay les roses;;
levallois;;
neuilly sur seine;;
morsang sur orge;;
montreuil sous bois;;
montceau les mines;;
olonne sur;;
nation;;
noisy le;;
moutiers;;
moulins les;;
soisy sous;;
six fours;;
savigny sur orge;;
sarlat caneda;;
beauvoisin;;
ramonville agne;;
rueil;;
chamond;;
dizier;;
claude;;
germain en;;
andre de cubzac;;
priest;;
jean de maurienne;;
maximin;;
medard en jalles;;
nazaire;;
bouches du rhone;;
melbourne;;
abidjan;;
cala d’or;;
cameroun;;
chypre;;
malte;;
egypte;;
cluses;;
champigny sur;;
drome;;
issy les;;
ile;;
la havane;;
elmas;;
orio al serio;;
ottawa;;
nz;;
vancouver;;
hambourg;;
region parisienne;;
st;;
vigneux sur seine;;
villefranche;;
villefranche de rouergue;;
villefranche de rouergue;;
villefranche sur;;
tassin;;
vernon;;
thonon;;
thoiry;;
villeneuve d ascq;;
maximin;;
gratien;;
sanary sur;;
nazaire;;
ouen;;
quentin;;
salon de provence;;
phuket;;
monastir;;
salou;;
abu dhabi;;
ilha verde;;
ponta delgada;;
alghero;;
antalya;;
araxos;;
baie comeau;;
capodichino;;
gran canaria;;
francfort;;
florence;;
fiumicino;;
linate;;
frejorgues;;
orio al serio;;
pula;;
punta;;
rabat;;
gran canaria;;
las;;
chypre;;
larnaca;;
ile maurice;;
keflavik;;
basel;;
bergame;;
bergamo;;
bcn;;
ben gurion;;
birmingham;;
merignac;;
brindisi;;
bruxelles;;
elmas;;
mohammed v ;;
cracovie;;
canee chania ;;
liberia;;
mahebourg;;
menara;;
malpensa;;
heathrow;;
gaulle;;
nador;;
frejorgues;;
windhoek;;
algarve;;
alghero;;
freiburg;;
st jacques;;
reus;;
santander;;
seville;;
vancouver;;
sharjah;;
tfs;;
thessalonique;;
valencia;;
varadero cuba;;
chopin;;
modlin;;
verone;;
autriche;;
vigo;;
washington;;
dulles;;
agrigente;;
agios nikolaos;;
aigues mortes;;
albufeira;;
alcudia;;
mallorca;;
amersfoort;;
amman;;
andalousie;;
andorre;;
ankara esenboga;;
ankara;;
creuse;;
chili;;
arequipa;;
argeles;;
anvers;;
arbatax;;
aqaba;;
juan les;;
amberieu en bugey;;
alpe;;
alonissos;;
quebec;;
poretta;;
bastogne;;
beaumont le roger;;
belfast;;
;;
;;
aubigny sur;;
aucamville;;
aulnay sous bois;;
aulnay;;
aulnoye aymeries;;
austin;;
texas;;
belgrade;;
belize;;
bellegarde sur valserine;;
bellegarde;;
iles;;
ariana;;
armenie;;
arrecife;;
mons;;
artigues;;
atlanta;;
liban;;
balmaceda;;
baleares;;
barbezieux;;
salou;;
bariloche;;
barranquilla;;
bas rhin;;
camargue;;
grande canarie;;
camargue;;
goussainville;;
gouvia;;
iles canaries;;
ile maurice;;
islande;;
lanzarote;;
alsace;;
san jose;;
rica;;
iceland;;
ile de la dominique;;
brisbane;;
chili;;
ayers rock;;
chiang mai;;
poretta;;
fort de france;;
hawaii;;
la havane;;
chicago;;
comiso;;
jean;;
exupery;;
vancouver;;
tunis;;
split;;
 st georges de;;
reykjavik;;
tracy;;
las vegas;;
alsace;;
yvelines;;
ille et vilaine;;
carhaix;;
caluire;;
puy en velay;;
evry;;
finistere;;
sur seine;;
pays de;;
plaisance du touch;;
orne;;
rillieux la pape;;
aisne;;
artigues;;
auterive;;
ferney voltaire;;
puy en velay;;
yucatan;;
zante;;
morbihan;;
langon;;
laval;;
laprairie;;
garenne;;
lot et garonne;;
merignac;;
mont de;;
maurepas;;
mantes la jolie;;
bourg en;;
romans;;
tourville la riviere;;
varennes;;
vendee;;
vernon;;
vigneux sur seine;;
villefranche sur;;
normandie;;
viry chatillon;;
rumilly;;
sable sur sarthe;;
andre de cubzac;;
etienne;;
julien en genevois;;
laurent du var;;
lo;;
martin d;;
medard en jalles;;
nazaire;;
ouen l aumone;;
salon de provence;;
sur seine;;
sarlat;;
senlis;;
vire;;
verviers;;
vilvoorde;;
villeneuve d ascq;;
yverdon;;
alaska;;
calgary;;
vancouver;;
oise;;
anderlecht;;
rimouski;;
etienne;;
st julien en genevois;;
st lo;;
torcy;;
tahiti;;
soisy sous;;
beauraing;;
bienne;;
charleroi;;
courcelles;;
courtrai;;
dudelange;;
illkirch;;
namur;;
tournai;;
rochefort;;
vosges;;
moselle;;
haute savoie;;
cherbourg;;
madere;;
glasgow;;
loiret;;
madere;;
malaga;;
bretagne;;
massy;;
ile maurice;;
budoni;;
calgary;;
castres;;
savoie;;
seville;;
seine et;;
casa;;
comiso;;
cracovie;;
melbourne;;
meknes;;
melilla;;
moorea;;
munich;;
oslo;;
jacques de compostelle;;
jean de luz;;
comiso;;
cracovie;;
hersonissos;;
var;;
ax les thermes;;
new york;;
champagne ardenne;;
carthagene;;
chaumont;;
mezieres;;
cantal;;
colombie;;
herault;;
colombo;;
conakry;;
dallas;;
basse terre;;
haiti;;
crete;;
inde;;
cagliari;;
republique tcheque;;
jamaique;;
finlande;;
jersey;;
 ile d oleron;;
bali;;
galante;;
los cristianos;;
los gigantes;;
lot;;
mahe;;
marseilles;;
provence;;
charles;;
matala;;
mayotte;;
meloneras;;
mont dore;;
montaigu;;
montceau les mines;;
nador;;
nairobi;;
ljubljana;;
flandres;;
liban;;
libreville;;
perreux;;
laval;;
laponie;;
haute;;
la havane;;
gran canaria;;
hersonissos;;
francaise;;
hongrie;;
haute savoie;;
gueliz;;
dubrovnik;;
croatie;;
islande;;
italie;;
Norvège;;
suede;;
portugal;;
angleterre;;
amsterdam;;
nimes;;
zurich;;
mexique;;
avoriaz;;
guyane;;
bale;;
ax les thermes;;
auvergne;;
aveyron;;
sud;;
nord;;
ouest;;
est;;
barcelone;;
marbella;;
bari;;
san sebastian;;
belle ile;;
turquie;;
seychelles;;
madrid;;
bilbao;;
vietnam;;
haiti;;
nouvelle zelande;;
miami;;
jordanie;;
fuerteventura;;
funchal;;
etats unis;;
ecosse;;
denver;;
cork;;
budoni;;
malte;;
copenhague;;
cordoue;;
corfou;;
corinthe;;
st;;
savigny sur orge;;
dordogne;;
gard;;
algarve;;
cherbourg;;
clermont;;
st jean de luz;;
tarragone;;
boston;;
bourgoin jallieu ;;
st malo;;
bruxelle;;
cancun;;
cap vert;;
chamonix;;
chambord;;
cavalaire;;
bretagne;;
irlande;;
thailande;;
d ivoire;;
cuba;;
france;;
ecosse;;
edimbourg;;
el arenal;;
el calafate;;
seville;;
rica;;
costa rica;;
floride;;
milos;;
figueras;;
porto vecchio;;
finlande;;
malaga;;
mezieres;;
heraklion;;
hersonissos;;
oman;;
ouarzazate;;
milos;;
panama;;
quebec;;
salta;;
mons;;
naples;;
olbia;;
israel;;
jura;;
brive;;
romans sur isère;;
montreuil;;
loiret;;
kinshasa;;
hersonissos;;
kenitra;;
kuala lumpur;;
londres;;
marbella;;
sarrebruck;;
sciacca;;
aulnay sous bois;;
rive;;
baie mahault;;
braga;;
calas de mallorca;;
cala ratjada;;
charenton le;;
mezieres;;
cefalu;;
cap ferret;;
brides les;;
belgrade;;
bariloche;;
bordeau;;
auckland;;
sri lanka;;
gabon;;
argostoli;;
almunecar;;
alesund;;
albufeira;;
bristol;;
braga;;
bodrum;;
santorin;;
punta cana;;
barajas;;
zagreb;;
comiso;;
seville;;
tahiti;;
toronto;;
thessalonique;;
valencia;;
zagreb;;
zanzibar;;
abu dhabi;;
antalya;;
almeria;;
brindisi;;
johannesburg;;
priest;;
oslo;;
sydney;;
usa;;
australie;;
france;;
du sud;;
lisbonne;;
palma;;
majorque;;
dublin;;
faro;;
florence;;
keflavik;;
heraklion;;
la canee;;
merignac;;
minorque;;
malaga;;
montreal;;
naples;;
olbia;;
orlando;;
porto;;
tanger;;
palma de majorque;;
trapani;;
tunis;;
pointe a pitre;;
agadir;;
amsterdam;;
fort lauderdale;;
monastir;;
bruxelles;;
algerie;;
guyane;;
le mans;;
rabat hasan;;
gueliz;;
djerba;;
maarif;;
bellegarde sur valserine;;
barcelone;;
antananarivo;;
aix en provence;;
allemagne;;
senegal;;
casablanca;;
fes;;
bruxelles;;
alger;;
essouaira;;
rabat;;
tunis;;
bergen;;
athenes;;
catane;;
los angeles;;
pula;;
cagliari;;
cavalaire;;
cherbourg;;
clermont ferrand;;
gabes;;
geneve;;
grece;;
ibiza;;
kenitra;;
levallois;;
lisbonne;;
mahdia;;
malia;;
crete;;
sardaigne;;
tetouan;;
tanger;;
santa teresa di gallura;;
portimao;;
zarzis;;
aix la chapelle;;
aix;;
albanie;;
albufeira;;
algeciras;;
alghero;;
alicante;;
almeria;;
espagne;;
murcia;;
dubai;;
milan;;
prague;;
danemark;;
luxembourg;;
florence;;
pise;;
rome;;
ile maurice;;
lausanne;;
melbourne;;
rethymnon;;
sofia;;
tel aviv;;
san francisco;;
martin;;
saint martin;;
bourg en;;
haute garonne;;
ostuni;;
ostersund;;
haute picardie;;
jerusalem;;
elbe;;
sarrebruck;;
sardynia;;
balmaceda;;
baltimore;;
duc;;
barcelona;;
barjac;;
barranquilla;;
bastogne;;
bejaia;;
belfast;;
belleville;;
valserine;;
benicarlo;;
ben gurion;;
benin;;
benidorm;;
cotonou;;
bercy;;
bergame;;
franche;;
beyrouth;;
billund;;
bilbao;;
blanes;;
bodrum;;
bolzano;;
jean;;
bordeau;;
merignac;;
borlange;;
boucan canot;;
boston;;
bourg maurice;;
bourg;;
bristol;;
bretigny;;
burlington;;
busan;;
bussy georges;;
cairns;;
cala d or;;
ratjada;;
cala;;
caldas da rainha;;
caluire et cuire;;
touracancun;;
castelnau le;;
chennevieres;;
cherbourg;;
chiang mai;;
christchurch;;
ciampino;;
ile rousse;;
brava;;
cosne;;
bratislava;;
bourgoin;;
charensac;;
brno;;
bucarest;;
brunswick;;
budapest;;
buenos;;
canet en roussillon;;
canet;;
roussillon;;
cap ferret;;
cap;;
la bocca;;
cape town;;
cappadoce;;
carigami;;
casa;;
carrieres sous;;
castelvetrano;;
fontanarossa;;
catane;;
sainte lucie;;
castres;;
cavalaire;;
cefalu;;
centauro;;
sevigne;;
chamonix;;
eaux;;
champagne;;
chania;;
champs elysees;;
champigny;;
charles de gaulle;;
chateauneuf les;;
thierry;;
chaumont;;
chelles;;
essonnes;;
copiapo;;
constantine;;
conflans;;
coree;;
cork;;
corfou;;
corralejo;;
rousse;;
ile;;
cosne;;
san jose;;
déguise;;
cotonou;;
cracovie;;
craiova;;
crest;;
croissy sur seine;;
seine;;
curitiba;;
perou;;
cuzco;;
futuroscope;;
raphael valescure;;
sanary;;
matabiau;;
cleveland;;
cinisi;;
civitavecchia;;
herault;;
colombo;;
cluses;;
dakhla;;
dalaman;;
les lys;;
freiburg;;
douala;;
franche;;
lorraine;;
seine et;;
vendee;;
villeneuve le roi;;
dommartin;;
marina;;
dusseldorf;;
dominique;;
enfidha;;
flers;;
fleury les aubrais;;
folegandros;;
ariège;;
fontenay sous bois;;
fontenay;;
forges les eaux;;
formentera;;
fort de france;;
fortaleza;;
funchal;;
gabes;;
jandia;;
caleta de fuste;;
fresnes;;
fremantle;;
bellegarde;;
vallee;;
massy;;
france;;
monaco;;
denpasar;;
laval;;
porto;;
digne;;
disney;;
disneyland;;
midoun;;
doha;;
douala;;
delivrande;;
durres;;
eilat;;
el calafate;;
empuriabrava;;
essen;;
estepona;;
estoril;;
;;
etterbeek;;
eurodisney;;
evian;;
evry;;
flandres;;
perrache;;
lorraine;;
roch;;
centre;;
part dieu;;
lazare;;
gard;;
roch;;
moorea;;
sartoux;;
mozambique;;
murcia san javier;;
mrs;;
muscat;;
mykonos;;
nabeul;;
nador;;
nagoya;;
namibie;;
nantes;;
nante;;
naples;;
nashville;;
natal;;
national citer;;
naxos;;
chora;;
montigny le bretonneux;;
montenegro;;
franc;;
offenburg;;
obidos;;
odda;;
oise;;
novo mesto;;
nuremberg;;
nouvelle caledonie;;
noumea;;
tontouta;;
noisy;;
sec;;
rotrou;;
olympia;;
olympic;;
oleron;;
re;;
noirmoutier;;
oran;;
orlando;;
falls;;
niagara;;
porte;;
cloud;;
parentis en born;;
parcay meslay;;
parc kruger;;
paray le monial;;
papeete;;
panama;;
cdg;;
charles de gaulle;;
sables d olonne;;
palmanova;;
palma;;
gambetta;;
paros;;
mantes la jolie;;
rochefort;;
martin;;
tamatave;;
aix;;
alpes maritimes;;
anta;;
gerone;;
ljubljana;;
mouscron;;
raphael;;
trevise;;
verviers;;
villefranche;;
pattaya;;
perrache;;
plaisance du touch;;
pierrefitte sur seine;;
picton;;
phuket;;
pianottoli;;
playa;;
blanca;;
lanzarote;;
del carmen;;
del ingles;;
las americas;;
las;;
torres;;
portoferraio;;
pouilles;;
porto vecchio;;
opo;;
portland;;
portimao;;
porticcio;;
porte;;
oregon;;
pozzallo;;
pozzuoli;;
city;;
queenstown;;
lima;;
rhode;;
rethymnon;;
rio de janeiro;;
pologne;;
recife;;
reggio de calabre;;
paca;;
raiatea;;
remire montjoly;;
rimouski;;
rillieux;;
roissy;;
roland garros;;
fiumicino;;
rotterdam;;
rosslare;;
roseau la dominique;;
rabatau;;
roquetas de mar;;
berlin;;
etienne;;
autriche;;
vietnam;;
vigo;;
vilanova i la geltru;;
villefranche de rouergue;;
villefranche sur;;
villeneuve d ascq;;
villeneuve les maguelone;;
villeneuve georges;;
villeneuve sur lot;;
villiers;;
orge;;
vilnius;;
vilnius;;
vire;;
virginie;;
viry;;
chatillon;;
vitre;;
vitrolles;;
vitry;;
artois;;
seine;;
vosges;;
waterloo;;
whitehorse;;
yaounde;;
yogyakarta;;
yucatan;;
yvelines;;
zadar;;
zagreb;;
zakynthos;;
zante;;
zanzibar;;
zarzis;;
zimbabwe;;
mongolie;;
londres;;
moutiers;;
rimini;;
salerno;;
rovaniemi;;
saarbrucken;;
thonon;;
valencia;;
bosnie;;
almeria;;
baviere;;
gaspe;;
gaspesie;;
gatineau;;
gatwick;;
genes;;
cornavin;;
georgie;;
tbilissi;;
gerone;;
gers;;
gillot;;
girona;;
gironde;;
varsovie;;
prague;;
algeciras;;
guernesey;;
milos;;
minorque;;
mykonos;;
rethymnon;;
sifnos;;
sofia;;
toronto;;
alicante;;
funchal;;
agadir;;
algarve;;
albufeira;;
alicante;;
antalya;;
etats unis;;
bourg;;
bresil;;
cracovie;;
japon;;
cap;;
cap vert;;
amerique;;
coree;;
nouvelle caledonie;;
tasmanie;;
la havane;;
athene;;
luxembourg;;
bangkok;;
braga;;
chania;;
brindisi;;
rousse;;
jordanie;;
malpensa;;
olbia;;
playa del carmen;;
sherbrooke;;
yucatan;;
florence;;
futuroscope;;
innsbruck;;
limoge;;
sainte maxime;;
san sebastian;;
sainte;;
saint;;
st;;
san sebastian;;
agadir;;
san sebastian;;
madaba;;
manavgat;;
zagreb;;
zagreb;;
mexico;;
montenegro;;
pologne;;
montreal;;
moutiers;;
nerja;;
savons;;
offenburg;;
anvers;;
burgos;;
beyrouth;;
cagnes;;
gandia;;
hammamet;;
puy en velay;;
touquet;;
loret del mar;;
thonon;;
pontault combault;;
grau du roi;;
graz;;
glasgow;;
prestwick;;
glyfada;;
golf juan;;
gosier;;
goteborg;;
gourdon;;
goussainville;;
gozo;;
gran canaria;;
grande canarie;;
groenland;;
groningen;;
guadeloup;;
gosier;;
les abymes;;
guernesey;;
guatemala;;
belize;;
guayaquil;;
kenitra;;
baviere;;
caroline du nord;;
hilaire;;
jean de maurienne ;;
jean de monts ;;
maur des fosses;;
san remo;;
lary;;
sainte lucie;;
sarrebruck;;
santa maria da feira ;;
salmson;;
guernesey st peter;;
guillemins;;
gumuldur;;
guyane;;
hainaut;;
halifax;;
halle;;
hambourg;;
hammamet;;
haut de france;;
haut rhin;;
haute savoie;;
hautepierre;;
hawaii;;
herault;;
herceg novi;;
hersonissos;;
hildesheim;;
hokkaido;;
helsinki;;
henin beaumont;;
heraklion;;
honolulu;;
waikiki;;
horta acores;;
hossegor;;
hurghada;;
ialyssos;;
ibiza;;
ile canarie;;
ile canaries;;
ile d yeu;;
ile de france;;
iguazu;;
trou aux;;
le saunier;;
loule;;
louvigny;;
lozere;;
lugano;;
illkirch graffenstaden;;
inverness;;
iquique;;
irun;;
ischia;;
isere;;
ataturk;;
lamezia;;
lamezia terme;;
ivry sur seine;;
izmir;;
japon;;
jasper alberta;;
jeju;;
jersey;;
jerusalem;;
johannesburg;;
juan;;
joliette qc;;
kalamata;;
kauai;;
kavala;;
kayseri;;
kea grece;;
kef;;
keflavik;;
kehl;;
kenitra;;
khao lak;;
kiel;;
kingston;;
kirkenes;;
klagenfurt;;
koh;;
koh samui;;
kolymbia;;
kone;;
konya;;
krakow;;
krefeld;;
kuala lumpur;;
la croix valmer;;
la defense;;
la garenne;;
la gomera;;
la grande motte;;
la havane;;
la haye;;
canaries;;
teste de buch;;
valette du var;;
valette;;
la roche posay;;
lac majeur;;
lamai koh samui;;
lamezia terme;;
lamotte;;
langkawi;;
langon;;
languedoc roussillon;;
lanzarote;;
playa blanca;;
jura;;
vaise;;
victoriaville;;
viana;;
vevey;;
verviers;;
verrieres le buisson;;
verdun;;
vernon;;
vernouillet;;
verone;;
vaulx en velin;;
velizy;;
velizy villacoublay;;
vendee;;
varennes sur seine;;
valencia;;
valledoria;;
valras;;
vanuatu;;
var;;
d oise;;
thorens;;
thonon;;
territoire de;;
carthage;;
monastir;;
promo;;
turin;;
turin porta susa;;
turquie;;
temara;;
terrasson;;
terni;;
tetouan;;
thoiry;;
thonon;;
tinos;;
tirana;;
tivat;;
tlemcen;;
tilburg;;
timisoara;;
torcy;;
pearson;;
tokyo;;
torremolinos;;
matabiau;;
sur rhone;;
tozeur;;
trento;;
trogir;;
trois rivieres;;
tromso;;
trondheim;;
truche golfe juan;;
tudela;;
tunis;;
st anne;;
st barth;;
st brieuc;;
st chamond;;
st charles;;
st cyprien;;
st denis de la;;
st denis;;
st dizier;;
st domingue;;
st etienne;;
st exupery;;
st;;
st laval;;
st pouilly;;
st gervais;;
st croix de vie;;
st ile de la;;
st les;;
st les;;
st girons;;
st jean de luz;;
st jean de monts;;
st julien en genevois;;
st lo;;
st lucie;;
st maarten;;
st malo;;
st martin;;
st martin caraibes;;
st martin juliana;;
st maur;;
st maximin;;
st maximin ste;;
st michel sur orge;;
st nazaire;;
st paul;;
st petersbourg;;
st quentin;;
st raphael;;
sveti vlas;;
swindon;;
sxm;;
sydney;;
syros;;
tahiti;;
tallinn;;
tallinn vilnius;;
tam;;
taormina;;
tanger;;
sfax;;
sfo;;
sharjah;;
sheffield;;
sherbrooke;;
catane;;
cefalu;;
siena;;
sifnos;;
sifnos kamares;;
six fours;;
siniscola;;
skopelos;;
skopje;;
slovenie;;
sofia;;
sogndal;;
sorrente;;
soulac;;
sousse;;
st tropez;;
stansted;;
stavanger;;
stiring wendel;;
stockholm;;
stockholm skavsta;;
stresa;;
stuttgart;;
supetar croatie;;
suede;;
sarlat la caneda;;
sausset les;;
selinunte;;
serifos grece;;
centauro;;
seville;;
mahe;;
sciacca;;
seattle;;
laponie finlandaise;;
larnaca;;
las americas domingue;;
las;;
lavaur;;
tarn;;
lax;;
le cap;;
le gosier;;
le luc;;
le mans;;
le perreux;;
le piree grece;;
le plessis robinson;;
le port;;
le puy en velay;;
le touquet;;
leeds bradford;;
leeuwarden;;
lege cap ferret;;
leiria;;
lerwick;;
les 2 alpes;;
les abymes;;
les acores;;
liberia;;
lesparre medoc;;
libreville gabon;;
lieusaint;;
flandres;;
flandre;;
limassol;;
limeil brevannes;;
linate;;
lindos;;
liverpool;;
livry gargan;;
ljubljana;;
stansted;;
loiret;;
lofoten;;
oise;;
sainte maxime;;
quito equateur;;
raanana;;
roquetas de mar;;
roseau la dominique;;
rosny sous bois;;
rosslare;;
rive gauche;;
roumanie;;
rovaniemi;;
royaume uni;;
rueil;;
russie;;
saarlouis;;
sable sur sarthe;;
sables d olonne;;
amand montrond;;
avold;;
barth;;
barthelemy;;
brevin;;
brieuc;;
denis;;
denis la;;
denis;;
dizier;;
egreve;;
emilion;;
etienne;;
exupery;;
flour;;
gaudens;;
pouilly;;
georges de;;
germain en;;
gervais;;
gervais les;;
croix de vie;;
girons;;
herblain;;
jean de luz;;
jean de maurienne;;
laurent du var;;
lazare;;
juvisy sur orge;;
rhone;;
ligier;;
livry gargan;;
viry chatillon;;
vitrolles;;
sant antoni ;;
ibiza;;
santa cruz;;
santa cruz madere;;
santa eulalia ibiza;;
santa maria acores;;
santa ponsa;;
santander;;
santorin;;
sao miguel;;
cagliari;;
sardaigne;;
bourg maurice;;
exupery;;
lulea;;
lund;;
luqa;;
lure;;
luton;;
stuttgart;;
maastricht;;
machico madere;;
madagascar;;
madrid barajas;;
madrid;;
mainvilliers;;
magaluf;;
mahon;;
mairie de;;
maisons alfort;;
makarska;;
malaga;;
mallorca;;
malaisie;;
malia crete;;
malta;;
malte la valette;;
mandelieu;;
manchester;;
manfredonia;;
mantes;;
maputo;;
ain;;
manche;;
location voiture;;
marcq en baroeul;;
location voiture;;
ile de france;;
calvados;;
ardennes;;
nord pas de;;
normandie;;
pays basque;;
picardie;;
puy de dome;;
seine et;;
somme;;
rhone alpes;;
tournai;;
galante;;
marly le roi;;
marmaris;;
la vallee chessy;;
ouarzazate;;
leu;;
lo;;
louis;;
maixent l;;
malo;;
martin;;
antilles;;
martin philipsburg;;
maur des fosses;;
nazaire;;
maximin;;
menara;;
prado;;
martha s vineyard;;
diamant;;
jumbo;;
trois ilets;;
mascate;;
maspalomas;;
maspalomas grande canarie;;
matabiau;;
matala;;
matane;;
maurice;;
miami beach;;
bergame;;
mayotte;;
meknes;;
melbourne;;
adelaide;;
messine;;
lozere;;
borny;;
bergamo;;
malpensa;;
milan mxp;;
milos;;
mingat;;
mingat caluire;;
vaulx en velin;;
monopoli;;
mont de;;
montceau les mines;;
nerja;;
neuilly;;
neuilly plaisance;;
neuilly sur seine;;
neum bosnie;;
new jersey;;
new york;;
jfk;;
newark;;
newbury;;
niagara falls;;
nikiti;;
nimes;;
le rotrou;;
oslo;;
ostuni;;
ottawa;;
ouarzazate;;
oyster pond martin;;
pacy sur eure;;
palau sardaigne;;
paleokastritsa;;
podgorica;;
point a pitre;;
poitier;;
orens de gameville;;
ouen;;
ouen l aumone;;
paul la;;
paul;;
petersbourg russie;;
audemer;;
l eveque;;
esprit;;
pontault combault;;
pucon;;
puerto de la cruz;;
puerto de santiago;;
puerto del carmen;;
puerto vallarta;;
pula;;
puerto del rosario;;
punta cana;;
queenstown;;
pyrgos;;
omer;;
sal rei cap vert;;
salamanca;;
sale;;
salina;;
pol sur;;
quentin;;
raphael;;
renan;;
thibault des vignes;;
tropez;;
valery sur somme;;
de tyrosse;;
sainte anne;;
sainte clotilde;;
sainte luce;;
sainte maxime;;
sainte rose;;
salon de provence;;
salou;;
salt lake city;;
salta;;
salvador;;
san diego;;
san francisco;;
san jose rica;;
san pedro de alcantara;;
san pedro de atacama;;
sanary sur;;
san sebastian;;
alpes maritimes;;
cagnes sur;;
cap d;;
les eaux;;
